file_number,annotator_1_seconds,annotator_2_seconds,annotator_3_seconds,reviewer_seconds
W00KG03891-I00KG039650006.tif,918,252,2341,2469
W00KG03990-I00KG040250007.jpg,4338,1199,1347,1013
W00KG03994-I00KG040410006.jpg,6329,491,6664,879
W00KG09218-I00KG093680607.tif,27,473,907,431
W10311-35620429.tif,577,25,886,1173
W16488-I1KG34500006.tif,2011,12821,1547,210
W1CZ1101-I1CZ15101333.tif,1128,9042,5692,410
W1CZ1151-I1CZ15660006.tif,1777,9358,5172,827
W1CZ1226-I1CZ16930108.tif,1233,3755,1971,267
W1CZ1228-I1CZ16950006.tif,2596,1043,2017,1110
W1CZ1237-I1CZ17150019.tif,1071,217,812,165
W1CZ1245-I1CZ20890006.tif,15593,7663,610,484
W1CZ1255-I1CZ21050006.tif,1247,1627,1025,314
W1CZ1263-I1CZ17450008.tif,15194,1800,2665,1245
W1CZ1263-I1CZ17450011.tif,3317,1118,1533,13108
W1CZ1265-I1CZ17490006.tif,1112,36580,796,24502
W1CZ1265-I1CZ17490019.tif,711,179,1484,1099
W1CZ1288-I1CZ17970008.tif,932,2297,1871,277
W1CZ1292-I1CZ18050006.tif,893,583,1067,293
W1CZ1306-I1CZ18330025.tif,399,912,1647,412
W1CZ1849-I1CZ18930137.tif,1148,614,4465,520
W1CZ1880-I1CZ19650181.tif,61223,294,1972,667
W1CZ2045-I1CZ21670013.tif,23,14386,6160,1108
W1ER119-I1ER7950246.jpg,1466,193234,2729,17263
W1ER15-I1ER2260040.jpg,157,82,96,46
W1KG10034-I1KG100360147.jpg,1059,2335,14341,4809
W1KG10446-I1KG104480551.jpg,822,4216,1634,463
W1KG11959-I1KG119610006.tif,693,484,1220,343
W1KG12097-I1KG122700133.jpg,1895,30919,62584,19699
W1KG12097-I1KG122700260.jpg,4251,4096,45869,1339
W1KG12172-I1KG121860454.jpg,938,284,1020,6440
W1KG12532-I1KG125580603.jpg,185,179,502,110
W1KG12631-I1KG126470452.jpg,1077,1052,1511,248
W1KG13682-I1KG851070817.jpg,768,1633,46858,84303
W1KG15057-I1KG150640761.jpg,20808,4852,44177,1220
W1KG17148-I1KG181080006.jpg,7311,2947,1718,764
W1KG18315-I1KG183890937.jpg,205,1415,275,65622
W1KG18558-I1KG185920059.tif,1804,161184,1699,34427
W1KG22489-I1KG225420006.jpg,991,490,303,117
W1KG22564-I1KG226530141.jpg,967,12994,14363,59962
W1KG22581-I1KG226730006.jpg,1274,1103,969,1001
W1KG22603-I1KG226790007.jpg,876,4707,17625,1538
W1KG22605-I1KG227060333.jpg,64069,7095,5901,158
W1KG23025-I1KG230990399.jpg,7395,1112,1121,57940
W1KG23049-I1KG231800006.jpg,591,52049,633,239
W1KG23088-I1KG231880006.jpg,5650,6097,667,10806
W1KG23571-I1KG236330058.tif,629,445,652,498
W1KG3713-I1KG38010523.tif,670,971,3030,529
W1KG3971-I1KG40320598.TIF,1561,1071,12181,566
W1KG3988-I1KG40500405.tif,45163,1802,705,339
W1KG4216-I1PD973230107.jpg,996,231,73986,471
W1KG585-I1KG12950598.tif,977,1530,3191,323
W1KG588-I1KG8090647.TIF,644,1294,498,461
W1KG89118-I1KG891750182.jpg,376,1487,159,935
W1KG9121-I1KG92310568.jpg,188,336,239,405
W1LT0565-I1LT05650129.jpg,1130,510,10457,7006
W1LT0806-I1LT08060099.jpg,802,400,6754,6386
W1LT0875-I1LT08750006.jpg,1014,5730,325,138
W1LT0878-I1LT08780166.jpg,1570,725,4587,724
W1LT2001-I1LT20010006.jpg,16445,49505,737,994
W1LT3592-I1LT35920232.jpg,241,289,541,499
W1PD159387-I1KG812610006.jpg,21706,1473,558,250
W1PD181142-I1KG162920006.jpg,532,964,1270,49261
W1PD181180-I3PD1030689.jpg,508,800,7058,504
W1PD181209-I1KG164310479.jpg,515,14728,276,1656
W1PD96085-I1PD961580006.tif,787,296,69566,1782
W20150-I3CN214770006.jpg,3118,665,2732,207
W20515-08520503.tif,974,1903,41635,20887
W20532-55840372.tif,377,456,573,28
W20541-I1KG102460509.jpg,617,536,2918,992
W20541-I1KG102470497.jpg,502,1300,2684,413
W21826-I1KG96550579.tif,155,37380,1617,1267
W21856-I1KG48000731.tif,607,543,701,55170
W21974-30680721.tif,741,1745,942,5948
W22246-19580006.TIF,1126,1401,890,332
W22340-I00KG040330006.jpg,7779,2610,18950,683
W23208-19710344.tif,1129,796,4305,3718
W23466-20000658.tif,629,11469,133,117
W23546-21030586.tif,2135,286,997,7982
W23547-20970551.tif,45937,1770,657,1435
W23553-21090603.tif,401,188111,899,22323
W23560-21530270.tif,33002,15633,1703,601
W23572-22450551.tif,5219,558,1449,302
W23777-26540705.tif,725,398,775,128
W23792-27660589.tif,260,317,362,198
W23815-28460207.tif,13180,29203,15645,637
W24005-36220162.tif,366,668,611,413
W24012-36670121.tif,10964,125938,33,37215
W24030-36590270.tif,533,603,399,1357
W24891-60680837.tif,1052,17291,33553,2052
W25573-I1KG34480006.tif,1710,1005,7916,332
W26621-I1CZ14430096.tif,897,1048,390,365
W26622-I1KG31870044.tif,4728,2308,4838,1030
W26678-I1KG104920377.jpg,1522,498,420,254
W29620-I1PD274140026.jpg,648,952,969,377
W2CZ7902-I1KG31770103.tif,6703,836,982,809
W2CZ7925-I1KG34260006.tif,523,769,503,225
W2CZ7926-I1KG34280022.tif,941,931,1158,944
W2CZ7932-I1KG34300006.tif,2856,564,645,774
W2CZ7967-I1KG36770006.tif,613,486,258,2110
W2CZ7986-I1KG37890011.tif,6114,2221,3829,1089
W2KG228990-I2KG2290900006.jpg,494,465,1536,1061
W2KG2829-I2KG2113090693.jpg,2153,1222,10648,611
W2KG5011-I2KG2113400045.jpg,1748,11789,12123,1840
W2PD16917-I3PD7440669.jpg,551,254,11187,1508
W2PD16917-I3PD8180905.jpg,1934,674,1320,1123
W2PD17382-I1KG812920006.jpg,575,957,768,596
W2PD17420-I4PD3140519.jpg,6441,1176,13059,56356
W2PD17426-I4PD3500006.jpg,741,7040,692,403
W2PD17427-I4PD3540441.jpg,4446,775,660,404
W2PD17476-I4PD5860459.jpg,15578,1011,2572,4928
W2PD17476-I4PD5940237.jpg,153335,2488,4233,8154
W2PD17476-I4PD6260459.jpg,692,1965,3614,257
W2PD17476-I4PD6280825.jpg,776,382,2952,1041
W2PD17481-I4PD6610006.jpg,326,287,118,81
W2PD17485-I4PD6770006.jpg,613,414,369,398
W2PD17514-I4PD22650006.jpg,18736,1781,10252,487
W2PD17514-I4PD23000006.jpg,767,580,1156,835
W2PD17514-I4PD23350006.jpg,1149,1985,980,738
W2PD17514-I4PD23460217.jpg,17327,35234,2190,460
W2PD17514-I4PD23510427.jpg,3307,846,11867,347
W2PD17521-I4PD22160007.jpg,994,291,3141,1149
W2PD17522-I4PD15590815.jpg,2094,199,245689,1988
W2PD17535-I4PD16090795.jpg,1129,11852,7596,16354
W2PD17536-I4PD16130657.jpg,1086,2417,902,628
W2PD19474-I2PD198190089.jpg,193,284,316,243
W2PD20000-I2PD200030006.jpg,1098,14464,756,331
W2PD20069-I2PD200710007.jpg,1606,105,106,38
W2PD20096-I4PD51520006.jpg,153617,4638,9917,5096
W2PD20173-I2PD204760006.jpg,1890,1194,1361,36102
W2PD20174-I2PD204820006.jpg,762,1013,3783,779
W2PD20239-I2PD205330863.jpg,4903,306,1375,1563
W2PD20764-I2PD208010623.jpg,868,41365,1306,870
W2PD20866-I4PD50930006.jpg,531,3319,1401,595
W2PD20866-I4PD51120006.jpg,1559,7070,1488,379
W30176-I1KG11080285.jpg,945,1565,455,986
W3CN12069-I3CN120730614.jpg,860,76332,494,333
W3CN1472-I3CN14740284.jpg,1213,48375,800,178
W3CN15330-I3CN158810671.jpg,13244,47397,886,2342
W3CN15335-I3CN158950777.jpg,724,3106,14025,2212
W3CN1539-I3CN15410693.jpg,1129,1846,9980,152
W3CN15715-I3CN157660105.tif,1568,409,353,255
W3CN17924-I3CN179260008.jpg,47475,11620,9595,1820
W3CN17930-I3CN179320273.jpg,4505,1012,5283,7276
W3CN17930-I3CN179320537.jpg,1191,8404,943,674
W3CN18480-I3CN207660006.jpg,640,1157,3960,465
W3CN18492-I3CN198970275.jpg,31063,1483,7422,972
W3CN18526-I3CN211570006.jpg,524,23284,624,1705
W3CN18526-I3CN211570227.jpg,4832,623,737,555
W3CN18533-I3CN211820405.jpg,912,698,920,922
W3CN21413-I2KG2202690006.jpg,847,1961,557,1281
W3CN21413-I2KG2202730387.jpg,30312,1915,1527,8849
W3CN21690-I3CN221020006.jpg,498,675,1185,1891
W3CN21935-I3CN219410006.jpg,477,139,880,17839
W3CN22964-I4CN104990006.jpg,886,6087,2142,9946
W3CN22975-I4CN105530237.jpg,2091,1408,3448,1046
W3CN2482-I3CN24970447.jpg,2147,7934,495,903
W3CN2482-I3CN25040007.jpg,485,275,875,252
W3CN2507-I3CN25220006.jpg,1380,730,189,1104
W3CN2507-I3CN25320006.jpg,1419,16651,574,188
W3CN2546-I3CN25480006.jpg,880,448,1296,515
W3CN2546-I3CN25650006.jpg,609,400,1682,236
W3CN2546-I3CN25660007.jpg,717,9551,1128,39662
W3CN2546-I3CN25670328.jpg,3384,7772,90848,363
W3CN25675-I4CN118470007.jpg,529,785,2226,38574
W3CN25698-I3CN257590006.jpg,1802,15677,45031,62795
W3CN2601-I3CN26030424.jpg,2644,1412,120838,15097
W3CN26206-I3CN262141371.jpg,1822,42456,622,626
W3CN2635-I3CN26530540.jpg,17645,50421,3340,438
W3CN26471-I3CN266090006.jpg,981,639,47141,297
W3CN26578-I3CN269570006.jpg,1181,527,2283,366
W3CN26624-I3CN269720540.jpg,788,911,1540,705
W3CN26726-I4CN128150006.jpg,1682,956,651,291
W3CN2929-I3CN29340634.jpg,25313,8119,878,289
W3CN2954-I3CN29560651.tif,426,492,39653,152
W3CN2987-I3CN30001029.jpg,1469,971,9220,36237
W3CN3014-I3CN4390006.tif,2927,2714,3604,1222
W3CN3014-I3CN4500519.tif,5992,3418,3129,2378
W3CN3015-I3CN4680037.jpg,758,12970,1806,390
W3CN3336-I3CN36241407.tif,438,341,2166,592
W3CN4080-I3CN214880006.jpg,885,2160,54848,1197
W3CN4120-I3CN41340287.jpg,1153,645,958,132
W3CN4137-I3CN41530006.jpg,3425,9659,2929,580
W3CN4268-I3CN42821147.jpg,35356,588,1820,478
W3CN727-I2KG2296381106.jpg,233,1176,426,139
W3CN766-I3CN7740006.jpg,844,3716,907,7381
W3CN800-I3CN8190671.jpg,2233,723,14447,42299
W3CN800-I3CN8250877.jpg,759,2429,11115,55949
W3CN844-I3CN8500006.jpg,37096,775,1314,3210
W3CN844-I3CN8520006.jpg,555,745,1253,4118
W3CN861-I3CN8660883.jpg,546,1327,7263,696
W3CN861-I3CN8690829.jpg,7925,459,1048,387
W3CN861-I3CN8730539.jpg,789,169,9480,180
W3CN9086-I3CN90880006.tif,1937,1075,269,1059
W3JT13584-I3JT135910006.jpg,57597,307,1034,304
W3JT13586-I3JT135950059.tif,4010,800,583,506
W3JT13662-I3JT136700006.jpg,3884,924,9993,456
W3JT13690-I3JT137030006.jpg,4336,4811,536,5065
W3JT13692-I3JT137070006.jpg,4428,1803,1477,241
W3JT13692-I3JT137070155.jpg,527,440,485,441
W3JT13693-I3JT137090006.jpg,558,5526,3459,311
W3JT13695-I3JT137130006.jpg,1248,1007,123663,14469
W3KG123-I3KG4590227.jpg,12650,51390,24074,12564
W3KG162-I3KG5100066.jpg,755,39260,5533,601
W3KG387-I3KG11390212.jpg,638,418,855,5603
W3KG419-I3KG11720006.jpg,1245,806,1563,250
W3KG427-I3KG11800006.jpg,2755,2412,43004,524
W3KG542-I3KG14110426.jpg,579,685,1827,676
W3MS155-I1KG228010381.jpg,560,343,1886,448
W3MS155-I1KG228070006.jpg,562,955,320,214
W3MS155-I1KG228170733.jpg,470,1437,933,1116
W3MS155-I1KG228600249.jpg,493,963,544,422
W3MS155-I1KG228680006.jpg,964,132,1048,4629
W3MS155-I1KG228790006.jpg,3652,861,1610,1127
W3MS155-I1KG228790709.jpg,1079,1811,7758,951
W3MS155-I1KG228810267.jpg,34281,8005,558,554
W3MS261-I3MS3310006.jpg,42995,691,12124,750
W3MS483-I3MS4850147.jpg,638,1335,484,355
W3MS543-I3MS5450007.jpg,1800,1027,138290,68109
W3MS91-I3MS930197.jpg,20620,304,1766,211
W3PD1004-I3PD10630211.jpg,3035,2651,2513,2378
W3PD1004-I3PD10640006.jpg,774,44498,6214,434
W3PD1004-I3PD10640167.jpg,954,615,58656,996
W3PD1004-I3PD10640329.jpg,10469,648,1257,420
W3PD1004-I3PD10660143.jpg,1026,714,18749,787
W3PD431-I3PD4500721.jpg,1030,7045,8661,59529
W3PD446-I2PD171300006.jpg,530,959,765,411
W3PD889-I1KG811990101.jpg,1297,617,11286,2762
W3PD983-I1KG813160006.jpg,1110,32155,2474,843
W3PD988-I3PD12160863.jpg,1408,1292,2406,620
W3PD988-I3PD12290005.jpg,1715,2737,1345,1002
W3PD988-I3PD12811015.jpg,1765,1117,1143,37844
W3PD988-I3PD13310753.jpg,81540,401,1771,77327
W3PD988-I3PD13420699.jpg,581,1326,35721,592
W459-I00KG035470006.tif,527,766,22007,8566
W4CN12077-I4CN120790052.jpg,467,4797,10463,15571
W4CZ15374-I1KG128290661.jpg,914,300,184,321
W4CZ20867-I1KG143790013.jpg,1006,437,13372,275
W4CZ302224-I4CZ3022930007.jpg,453,10607,389,19758
W4CZ302331-I4CZ3023930006.jpg,582,785,14553,20042
W4CZ302336-I4CZ3024030006.jpg,579,60558,561,1306
W4CZ302345-I4CZ3024210006.jpg,692,962,2051,876
W4CZ302380-I4CZ3024910006.jpg,919,383,649,55193
W4CZ302380-I4CZ3024910099.jpg,1015,1112,640,447
W4CZ302383-I4CZ3024970006.jpg,1233,1400,3026,109
W4CZ307384-I4CZ3083100009.jpg,1367,633,2172,5727
W4CZ307384-I4CZ3083100265.jpg,1312,1990,2766,280
W4CZ307384-I4CZ3083100520.jpg,2400,1971,1187,264
W4CZ307400-I4CZ3083440312.jpg,756,775,1828,263
W4CZ307403-I4CZ3083500615.jpg,15030,351,1853,951
W4CZ307405-I4CZ3083540790.jpg,8746,1838,39688,16786
W4CZ307408-I4CZ3083600721.jpg,1424,1725,45189,1000
W4CZ321174-I4CZ3239970006.jpg,8107,60223,5759,619
W4CZ332266-I4CZ3328450006.jpg,1568,968,544,156120
W4CZ332275-I4CZ3328630987.jpg,9271,706,886,493
W4CZ332278-I4CZ3328690006.jpg,412,906,36260,170
W4CZ332278-I4CZ3328700006.jpg,5511,835,2091,3514
W4CZ332377-I4CZ3328770006.jpg,5353,261,1040,296
W4CZ332378-I4CZ3329620006.jpg,60351,335,1057,233
W4CZ346648-I4CZ3544710593.tif,632,614,517,625
W4CZ354412-I4CZ3544790617.tif,6215,696,630,398
W4CZ355768-I4CZ3559290191.jpg,1013,10479,742,429
W4CZ355864-I4CZ3582800006.jpg,898,7600,1349,765
W4CZ355901-I4CZ3560100078.jpg,8210,1213,4888,1044
W4CZ45232-I4CZ452420031.tif,1014,8005,721,279
W4CZ45311-I4CZ453210329.tif,196,165,160,114
W4CZ58520-I4CZ750040525.jpg,1954,983,9161,427
W4CZ58520-I4CZ750760345.jpg,9775,1061,576,284
W4CZ58520-I4CZ751130435.jpg,1427,564,14827,408
W4CZ58533-I4CZ587400006.jpg,1163,327,4309,238
W4CZ58741-I4CZ656520006.jpg,142922,7096,1301,45221
W4CZ58782-I2PD204690731.jpg,967,855,2193,213
W4CZ73908-I4CZ739270006.jpg,453,377,406,4311
W4CZ74180-I4CZ742310006.jpg,2024,3943,439,525
W4PD1207-I4PD12360006.jpg,714,3668,204,241
W4PD1207-I4PD12440723.jpg,35710,8989,2354,7268
W4PD1207-I4PD12491191.jpg,1107,594,1229,554
W4PD1386-I4PD14080371.jpg,670,1295,699,734
W4PD1494-I4PD15300381.jpg,176912,1479,1070,22073
W4PD1703-I4PD17560873.jpg,586,975,21900,530
W4PD1992-I2PD205930006.jpg,1589,293,6926,462
W4PD1992-I2PD205940006.jpg,774,2236,701,563
W4PD294-I4PD3590006.jpg,1463,31152,1623,930
W4PD294-I4PD3921151.jpg,75015,191372,3417,740
W4PD5012-I4PD50280006.jpg,389,496,2183,394
W4PD5013-I4PD50370006.jpg,816,1181,1720,777
W4PD913-I4PD9400006.jpg,321,1014,10069,328
W4PD973-I4PD10180006.jpg,1894,13958,8938,689
W4PD973-I4PD10240781.jpg,994,160207,10368,4451
W4PD973-I4PD10270615.jpg,685,715,7519,2635
W4PD973-I4PD10330241.jpg,39650,8899,1126,687
W4PD974-I4PD10640663.jpg,728,40198,664,735
W5CN41-I5CN60270006.jpg,17011,41671,1857,293820
W5CN93-I5CN61210006.tif,1619,2406,1182,357
W7489-I1KG154550711.jpg,167,111,200,46
W8CZ179-I8CZ7940006.jpg,1898,51340,80253,2445
W8CZ179-I8CZ7940431.jpg,3563,1940,422,16545
W8CZ208-I8CZ7580274.jpg,40355,618,55616,210
W8CZ217-I8CZ8030128.jpg,923,914,1357,2027
W8CZ217-I8CZ8040079.jpg,1135,39096,20173,1917
W8CZ235-I8CZ7831346.jpg,1707,2467,3105,80208
W8CZ248-I8CZ8080237.jpg,1196,1015,2027,775
W8LS15736-I8LS157630017.jpg,10268,827,4322,7426
W8LS15876-I8LS158800057.jpg,732,262,859,1330
W8LS15960-I8LS159620006.jpg,1576,344,3042,425
W8LS16198-I8LS162000022.jpg,626,1762,441,1440
W8LS16211-I8LS162130006.jpg,588,164,932,151
W8LS16265-I8LS162670006.jpg,423,469,653,4914
W8LS16277-I8LS162790080.jpg,588,430,3306,855
W8LS16283-I8LS162860343.jpg,5185,1319,1817,926
W8LS16284-I8LS162880006.jpg,678,962,39245,903
W8LS16298-I8LS163070007.jpg,521,34272,943,1332
W8LS16313-I8LS163240353.jpg,1853,166,866,273
W8LS16410-I8LS164200439.jpg,1988,1226,12288,950
W8LS16413-I8LS164270149.jpg,4026,2072,28422,754
W8LS16443-I8LS164570006.jpg,341,393,1657,699
W8LS16483-I8LS164940007.jpg,864,425,9093,471
W8LS16496-I8LS165120006.jpg,663,1746,1139,138
W8LS16503-I8LS165210011.jpg,1598,6915,2593,11775
W8LS16516-I8LS165400023.jpg,680,476,39631,784
W8LS16519-I8LS165430006.jpg,351,8248,1120,990
W8LS16528-I8LS165570006.jpg,759,113,2983,73
W8LS16551-I8LS165850007.jpg,8195,1184,145,489
W8LS16607-I8LS166500079.jpg,623,1140,13631,8276
W8LS16667-I8LS169810007.jpg,9282,1149,733,319
W8LS16909-I8LS169200511.jpg,1256,204,10675,33795
W8LS17090-I8LS170970329.jpg,7730,364,798,8754
W8LS17110-I8LS171150006.jpg,485,161,1127,8953
W8LS17165-I8LS171780007.jpg,330,159983,430,21179
W8LS17205-I8LS172130402.jpg,450,478,5909,511
W8LS17390-I8LS173980011.tif,1453,5069,354,284
W8LS17391-I8LS174030006.tif,24,50274,4105,1437
W8LS17438-I8LS176290201.jpg,942,5973,13090,6954
W8LS17635-I8LS176490006.tif,991,33625,19749,4432
W8LS17644-I8LS176590014.tif,793,697,6587,577
W8LS17647-I8LS176610006.tif,326,466,286,46861
W8LS17721-I8LS177360032.jpg,409,1321,567,406
W8LS17828-I8LS179020020.jpg,1783,4648,40126,1562
W8LS19252-I8LS192540013.jpg,2898,1742,37610,1409
W8LS19266-I8LS192680203.jpg,9791,1083,1604,7343
W8LS19281-I8LS192830006.jpg,9180,375,1182,8723
W8LS19350-I8LS193520007.jpg,960,1268,672,714
W8LS19392-I8LS193940006.jpg,179,312,203,111
W8LS19479-I8LS194810025.jpg,1715,1230,136,2025
W8LS19488-I8LS194900021.jpg,1491,372,8779,516
W8LS19491-I8LS194930007.jpg,582,484,883,489
W8LS19491-I8LS194930009.jpg,2824,3110,722,293
W8LS19509-I8LS195110006.jpg,599,344,443,132
W8LS19521-I8LS195230007.jpg,3954,560,978,335
W8LS19577-I8LS195790013.jpg,7636,914,339,234
W8LS19604-I8LS196060175.jpg,40007,2566,1464,12023
W8LS19643-I8LS196450023.jpg,869,1927,2260,1015
W8LS19655-I8LS196570037.jpg,2635,3382,9754,2604
W8LS19682-I8LS196840007.jpg,512,127,948,500
W8LS19682-I8LS196840025.jpg,1617,1312,202,225
W8LS19682-I8LS196840044.jpg,578,3398,969,742
W8LS19694-I8LS196960006.jpg,33426,1200,859,28318
W8LS19697-I8LS196990013.jpg,2801,3083,958,1173
W8LS19757-I8LS197590007.jpg,1126,707,2546,9316
W8LS19855-I8LS198570007.jpg,705,1200,15331,342224
W8LS19855-I8LS198570041.jpg,739,141,5608,660
W8LS19873-I8LS198750117.jpg,1052,633,940,416
W8LS19888-I8LS198900007.jpg,636,900,571,1130
W8LS19909-I8LS199110137.jpg,636,695,447,329
W8LS19918-I8LS199200097.jpg,1183,55593,4241,538
W8LS19957-I8LS199590096.jpg,1123,156,732,186
W8LS20147-I8LS201491300.jpg,1683,1295,525,88
W8LS20153-I8LS201550006.jpg,5216,4639,3208,834
W8LS20159-I8LS201610006.jpg,515,1319,685,280
W8LS20165-I8LS201670083.jpg,194311,11780,239,17277
W8LS20673-I3CN122090006.jpg,233,119,573,73
W8LS29201-I8LS292030006.jpg,531,127,1035,474
W8LS29225-I8LS292270151.jpg,7532,541,839,448
W8LS31324-I8LS313440015.jpg,3266,1099,890,1209
W8LS31330-I8LS313580006.jpg,407,612,1053,50405
W8LS31348-I8LS313900121.jpg,1344,771,1051,825
W8LS31392-I8LS314310163.jpg,675,899,623,128
W8LS32681-I8LS332650095.jpg,716,1081,86373,440
W8LS32687-I8LS332770122.jpg,855,582,512,132
W8LS32696-I8LS332950008.jpg,628,301,947,462
W8LS32728-I8LS334220007.jpg,9844,3191,42620,1575
W8LS43937-I8LS439391181.jpg,5370,44231,1480,307
W8LS67533-I8LS675390308.tif,807,953,982,243
W8LS73668-I8LS736700137.jpg,2714,1113,6818,288
W8LS73818-I8LS738200006.tif,383,731,14661,275
